{"cameraMode":{"drawMode":0,"name":"Shaded","section":"Shading Mode"},"sceneLighting":true,"audioPlay":false,"sceneViewState":{"m_AlwaysRefresh":false,"showFog":true,"showSkybox":true,"showFlares":true,"showImageEffects":true,"showParticleSystems":true,"showVisualEffectGraphs":true,"m_FxEnabled":true},"in2DMode":false,"pivot":{"x":6.847991943359375,"y":-5.900000095367432,"z":32.2960205078125},"rotation":{"x":-0.058715321123600009,"y":-0.045806609094142917,"z":0.0027321537490934135,"w":-0.9972904324531555},"size":707.1068115234375,"orthographic":false}