{"cameraMode":{"drawMode":0,"name":"Shaded","section":"Shading Mode"},"sceneLighting":false,"audioPlay":false,"sceneViewState":{"m_AlwaysRefresh":false,"showFog":true,"showSkybox":false,"showFlares":true,"showImageEffects":true,"showParticleSystems":true,"showVisualEffectGraphs":true,"m_FxEnabled":true},"in2DMode":false,"pivot":{"x":2.086162567138672e-7,"y":0.4482842683792114,"z":1.1920928955078126e-7},"rotation":{"x":-0.2038787454366684,"y":0.06296282261610031,"z":-0.01479619275778532,"w":-0.9770922064781189},"size":0.6628705263137817,"orthographic":false}